Team1,Team2,Date_of_Game,Month,Location,Location_Country,Winner,Team1_Win_Loss_Status,Team2_Win_Loss_Status,Team1 _Win_Loss_Ratio,Team2 _Win_Loss_Ratio,Format,Team1_Score,Team2_Score,Standardized_Wins_by_Runs_or_Wickets,Team1_Odd_Oddsportal,Team2_Odd_Oddsportal,Team1_Team2_Avg_Odd,Avg_Max_Temp,Avg_Min_Temp,Avg_Rain,Team1_Bat_Avg,Team1_Bat_Avg_SR,Team1_Bowl_Avg_Econ,Team1_Bowl_Avg_Wkt,Team1_Bowl_Avg_SR,Team2_Bat_Avg,Team2_Bat_Avg_SR,Team2_Bowl_Avg_Econ,Team2_Bowl_Avg_Wkt,Team2_Bowl_Avg_SR
England,Pakistan,11/11/2023,Nov,Kolkota,India,England,W,L,0.643,0.333,ODI,337,244,27.60,-143,110,-16.5,30.20,20.10,32.60,30.138,100.968,5.778333333,37.89333333,39.69166667,28.99333333,91.364,5.425454545,46.03272727,51.62
Australia,Bangladesh,11/10/2023,Nov,Mumbai,India,Australia,W,L,0.429,0.571,ODI,307,306,50.00,-769,483,-143,33.80,28.40,17.80,27.72733333,92.17733333,5.772307692,39.89076923,41.56384615,21.11625,78.83125,5.192727273,33.17,38.89909091
New Zealand,Sri Lanka,11/9/2023,Nov,Bangalore,India,New Zealand,W,L,0.800,0.200,ODI,172,171,50.00,-312,233,-39.5,18.30,9.60,61.00,29.45333333,88.70466667,5.574545455,33.23272727,35.72636364,24.87875,76.75125,5.679166667,34.49333333,38.29833333
Australia,New Zealand,10/27/2023,Oct,Dharamshala,India,Australia,W,L,1.125,0.750,ODI,388,383,1.29,-167,129,-19,14.30,8.00,63.00,27.72733333,92.17733333,5.772307692,39.89076923,41.56384615,29.45333333,88.70466667,5.574545455,33.23272727,35.72636364
Pakistan,South Africa,10/27/2023,Oct,Chennai,India,South Africa,L,W,1.000,1.091,ODI,270,271,10.00,143,-185,-21,28.40,24.60,10.60,28.99333333,91.364,5.425454545,46.03272727,51.62,29.26,86.99071429,5.596923077,26.36384615,26.93846154
England,Sri Lanka,10/26/2023,Oct,Bangalore,India,Sri Lanka,L,W,1.385,0.219,ODI,156,160,80.00,-435,303,-66,19.80,13.20,65.00,30.138,100.968,5.778333333,37.89333333,39.69166667,24.87875,76.75125,5.679166667,34.49333333,38.29833333
South Africa,Bangladesh,10/24/2023,Oct,Mumbai,India,South Africa,W,L,1.091,0.542,ODI,382,286,39.01,-556,367,-94.5,33.10,28.90,20.60,29.26,86.99071429,5.596923077,26.36384615,26.93846154,21.11625,78.83125,5.192727273,33.17,38.89909091
India,New Zealand,10/22/2023,Oct,Dharamshala,India,India,W,L,0.846,0.154,ODI,274,273,40.00,-244,189,-27.5,14.30,8.00,63.00,29.21625,82.43625,5.4225,40.535,43.995,29.45333333,88.70466667,5.574545455,33.23272727,35.72636364
South Africa,England,10/21/2023,Oct,Mumbai,India,South Africa,W,L,1.091,1.385,ODI,399,170,57.39,114,-147,-16.5,33.10,28.90,20.60,29.26,86.99071429,5.596923077,26.36384615,26.93846154,30.138,100.968,5.778333333,37.89333333,39.69166667
Australia,Pakistan,10/20/2023,Oct,Bangalore,India,Australia,W,L,1.125,1.000,ODI,367,307,16.89,-196,152,-22,19.80,13.20,65.00,27.72733333,92.17733333,5.772307692,39.89076923,41.56384615,28.99333333,91.364,5.425454545,46.03272727,51.62
India,Bangladesh,10/19/2023,Oct,Mumbai,India,India,W,L,2.813,0.542,ODI,261,256,70.00,-909,527,-191,33.10,28.90,20.60,29.21625,82.43625,5.4225,40.535,43.995,21.11625,78.83125,5.192727273,33.17,38.89909091
Australia,Sri Lanka,10/16/2023,Oct,Lucknow,India,Australia,W,L,1.125,0.219,ODI,215,209,50.00,-357,264,-46.5,32.80,26.10,10.00,27.72733333,92.17733333,5.772307692,39.89076923,41.56384615,24.87875,76.75125,5.679166667,34.49333333,38.29833333
India,Pakistan,10/14/2023,Oct,Ahmedabad,India,India,W,L,2.813,1.000,ODI,192,191,70.00,-250,191,-29.5,28.50,21.80,0.90,29.21625,82.43625,5.4225,40.535,43.995,28.99333333,91.364,5.425454545,46.03272727,51.62
New Zealand,Bangladesh,10/13/2023,Oct,Kolkata,India,New Zealand,W,L,0.750,0.542,ODI,248,245,80.00,-370,269,-50.5,32.30,24.40,179.60,29.45333333,88.70466667,5.574545455,33.23272727,35.72636364,21.11625,78.83125,5.192727273,33.17,38.89909091
Australia,South Africa,10/12/2023,Oct,Lucknow,India,South Africa,L,W,1.125,1.091,ODI,177,311,43.09,-159,125,-17,32.80,26.10,10.00,27.72733333,92.17733333,5.772307692,39.89076923,41.56384615,29.26,86.99071429,5.596923077,26.36384615,26.93846154
Pakistan,Sri Lanka,10/10/2023,Oct,Hyderabad,India,Pakistan,W,L,1.000,0.219,ODI,345,344,60.00,-227,172,-27.5,26.10,20.90,5.60,28.99333333,91.364,5.425454545,46.03272727,51.62,24.87875,76.75125,5.679166667,34.49333333,38.29833333
England,Bangladesh,10/9/2023,Oct,Dharamshala,India,England,W,L,1.385,0.542,ODI,364,227,37.64,-455,325,-65,14.30,8.00,63.00,30.138,100.968,5.778333333,37.89333333,39.69166667,21.11625,78.83125,5.192727273,33.17,38.89909091
India,Australia,10/08/2023,Oct,Chennai,India,India,W,L,2.813,1.125,ODI,201,199,60.00,-169,131,-19,28.40,24.60,10.60,29.21625,82.43625,5.4225,40.535,43.995,27.72733333,92.17733333,5.772307692,39.89076923,41.56384615
South Africa,Sri Lanka,10/7/2023,Oct,New Delhi,India,South Africa,W,L,1.091,0.219,ODI,428,326,23.83,-250,190,-30,33.00,26.20,9.40,29.26,86.99071429,5.596923077,26.36384615,26.93846154,24.87875,76.75125,5.679166667,34.49333333,38.29833333
England,New Zealand,10/5/2023,Oct,Ahmedabad,India,New Zealand,L,W,1.385,0.750,ODI,282,283,90.00,-208,154,-27,28.50,21.80,0.90,30.138,100.968,5.778333333,37.89333333,39.69166667,29.45333333,88.70466667,5.574545455,33.23272727,35.72636364
Australia,Pakistan,10/3/2023,Oct,Hyderabad,India,Australia,W,L,1.125,1.000,ODI,351,337,3.99,-213,156,-28.5,26.10,20.90,5.60,27.72733333,92.17733333,5.772307692,39.89076923,41.56384615,28.99333333,91.364,5.425454545,46.03272727,51.62
England,Bangladesh,10/2/2023,Oct,Guwahati,India,England,W,L,1.385,0.542,ODI,197,188,40.00,-556,351,-102.5,29.80,20.40,164.30,30.138,100.968,5.778333333,37.89333333,39.69166667,21.11625,78.83125,5.192727273,33.17,38.89909091
Pakistan,New Zealand,9/29/2023,Sep,Hyderabad,India,New Zealand,L,W,1.000,0.750,ODI,345,346,50.00,-145,110,-17.5,26.70,22.30,8.40,28.99333333,91.364,5.425454545,46.03272727,51.62,29.45333333,88.70466667,5.574545455,33.23272727,35.72636364
Sri Lanka,Bangladesh,9/29/2023,Sep,Guwahati,India,Bangladesh,L,W,0.219,0.542,ODI,263,264,70.00,-179,135,-22,31.80,21.60,249.60,24.87875,76.75125,5.679166667,34.49333333,38.29833333,21.11625,78.83125,5.192727273,33.17,38.89909091
England,New Zealand,9/5/2023,Sep,Nottingham,England,New Zealand,L,W,1.385,0.750,T20I,175,179,60.00,-179,137,-21,18.30,10.00,49.60,30.138,100.968,5.778333333,37.89333333,39.69166667,29.45333333,88.70466667,5.574545455,33.23272727,35.72636364
Australia,South Africa,9/3/2023,Sep,Durban,South Africa,Australia,W,L,1.125,1.091,T20I,191,190,50.00,-200,160,-20,21.40,10.50,84.40,27.72733333,92.17733333,5.772307692,39.89076923,41.56384615,29.26,86.99071429,5.596923077,26.36384615,26.93846154
England,New Zealand,9/3/2023,Sep,Birmingham,England,New Zealand,L,W,1.385,0.750,T20I,128,202,36.63,-213,170,-21.5,18.30,10.00,49.60,30.138,100.968,5.778333333,37.89333333,39.69166667,29.45333333,88.70466667,5.574545455,33.23272727,35.72636364
Australia,South Africa,9/1/2023,Sep,Durban,South Africa,Australia,W,L,1.125,1.091,T20I,168,164,80.00,-185,144,-20.5,21.40,10.50,84.40,27.72733333,92.17733333,5.772307692,39.89076923,41.56384615,29.26,86.99071429,5.596923077,26.36384615,26.93846154
England,New Zealand,9/1/2023,Sep,Manchester,England,England,W,L,1.385,0.750,T20I,198,103,47.98,-204,162,-21,18.30,10.00,49.60,30.138,100.968,5.778333333,37.89333333,39.69166667,29.45333333,88.70466667,5.574545455,33.23272727,35.72636364
Australia,South Africa,8/30/2023,Aug,Durban,South Africa,Australia,W,L,1.125,1.091,T20I,226,115,49.12,143,117,130,18.60,8.10,76.20,27.72733333,92.17733333,5.772307692,39.89076923,41.56384615,29.26,86.99071429,5.596923077,26.36384615,26.93846154
England,New Zealand,8/30/2023,Aug,Chester Le Street,England,England,W,L,1.385,0.750,T20I,143,139,70.00,-196,156,-20,21.50,11.60,52.80,30.138,100.968,5.778333333,37.89333333,39.69166667,29.45333333,88.70466667,5.574545455,33.23272727,35.72636364
Pakistan,New Zealand,4/24/2023,Apr,Rawalpindi,Pakistan,New Zealand,L,W,1.000,0.750,T20I,193,194,60.00,-278,218,-30,28.10,15.80,23.40,28.99333333,91.364,5.425454545,46.03272727,51.62,29.45333333,88.70466667,5.574545455,33.23272727,35.72636364
Pakistan,New Zealand,4/17/2023,Apr,Lahore,Pakistan,New Zealand,L,W,1.000,0.750,T20I,159,163,2.45,-357,270,-43.5,28.10,15.80,23.40,28.99333333,91.364,5.425454545,46.03272727,51.62,29.45333333,88.70466667,5.574545455,33.23272727,35.72636364
Pakistan,New Zealand,4/15/2023,Apr,Lahore,Pakistan,Pakistan,W,L,1.000,0.750,T20I,192,154,19.79,-312,240,-36,28.10,15.80,23.40,28.99333333,91.364,5.425454545,46.03272727,51.62,29.45333333,88.70466667,5.574545455,33.23272727,35.72636364
Pakistan,New Zealand,4/14/2023,Apr,Lahore,Pakistan,Pakistan,W,L,1.000,0.750,T20I,182,94,48.35,-263,204,-29.5,28.10,15.80,23.40,28.99333333,91.364,5.425454545,46.03272727,51.62,29.45333333,88.70466667,5.574545455,33.23272727,35.72636364
New Zealand,Sri Lanka,4/7/2023,Apr,Queenstown,New Zealand,New Zealand,W,L,0.800,0.200,T20I,183,182,40.00,-238,188,-25,14.40,8.40,64.40,29.45333333,88.70466667,5.574545455,33.23272727,35.72636364,24.87875,76.75125,5.679166667,34.49333333,38.29833333
New Zealand,Sri Lanka,4/4/2023,Apr,Dunedin,New Zealand,New Zealand,W,L,0.800,0.200,T20I,146,141,90.00,-192,156,-18,14.40,8.40,64.40,29.45333333,88.70466667,5.574545455,33.23272727,35.72636364,24.87875,76.75125,5.679166667,34.49333333,38.29833333
England,Bangladesh,3/14/2023,Mar,Dhaka,Bangladesh,Bangladesh,L,W,1.385,0.542,T20I,142,158,10.13,-233,183,-25,30.40,18.20,30.70,30.138,100.968,5.778333333,37.89333333,39.69166667,21.11625,78.83125,5.192727273,33.17,38.89909091
England,Bangladesh,3/12/2023,Mar,Dhaka,Bangladesh,Bangladesh,L,W,1.385,0.542,T20I,117,120,2.50,-217,172,-22.5,30.40,18.20,30.70,30.138,100.968,5.778333333,37.89333333,39.69166667,21.11625,78.83125,5.192727273,33.17,38.89909091
England,Bangladesh,3/12/2023,Mar,Dhaka,Bangladesh,Bangladesh,L,W,1.385,0.542,T20I,117,120,40.00,-217,172,-22.5,30.40,18.20,30.70,30.138,100.968,5.778333333,37.89333333,39.69166667,21.11625,78.83125,5.192727273,33.17,38.89909091
England,Bangladesh,3/9/2023,Mar,Dhaka,Bangladesh,Bangladesh,L,W,1.385,0.542,T20I,156,158,60.00,-244,191,-26.5,30.40,18.20,30.70,30.138,100.968,5.778333333,37.89333333,39.69166667,21.11625,78.83125,5.192727273,33.17,38.89909091
England,Bangladesh,3/9/2023,Mar,Chattogram,Bangladesh,Bangladesh,L,W,1.385,0.542,T20I,156,158,60.00,-244,191,-26.5,30.40,18.20,30.70,30.138,100.968,5.778333333,37.89333333,39.69166667,21.11625,78.83125,5.192727273,33.17,38.89909091
India,New Zealand,2/1/2023,Feb,Ahmedabad,India,India,W,L,0.846,0.154,T20I,234,66,71.79,-217,166,-25.5,22.50,14.60,0.10,29.21625,82.43625,5.4225,40.535,43.995,29.45333333,88.70466667,5.574545455,33.23272727,35.72636364
India,New Zealand,1/29/2023,Jan,Lucknow,India,India,W,L,0.846,0.154,ODI,101,99,60.00,-217,166,-25.5,22.10,15.00,-1.00,29.21625,82.43625,5.4225,40.535,43.995,29.45333333,88.70466667,5.574545455,33.23272727,35.72636364
India,New Zealand,1/27/2023,Jan,Ranchi,India,New Zealand,L,W,0.846,0.154,ODI,155,176,11.93,-256,192,-32,23.40,11.40,15.80,29.21625,82.43625,5.4225,40.535,43.995,29.45333333,88.70466667,5.574545455,33.23272727,35.72636364
India,Sri Lanka,1/7/2023,Jan,Rajkot,India,India,W,L,2.813,0.219,T20I,228,137,39.91,-270,200,-35,26.80,15.80,14.50,29.21625,82.43625,5.4225,40.535,43.995,24.87875,76.75125,5.679166667,34.49333333,38.29833333
India,Sri Lanka,1/5/2023,Jan,Pune,India,Sri Lanka,L,W,2.813,0.219,T20I,190,206,7.77,-294,215,-39.5,11.20,1.70,34.00,29.21625,82.43625,5.4225,40.535,43.995,24.87875,76.75125,5.679166667,34.49333333,38.29833333
India,Sri Lanka,1/3/2023,Jan,Thiruvananthapuram,India,India,W,L,2.813,0.219,T20I,162,160,1.23,-286,211,-37.5,29.70,22.30,44.10,29.21625,82.43625,5.4225,40.535,43.995,24.87875,76.75125,5.679166667,34.49333333,38.29833333
England,Pakistan,11/13/2022,Nov,Melbourne,Australia,England,W,L,0.643,0.333,T20I,138,137,50.00,-196,154,-21,26.20,17.00,114.70,30.138,100.968,5.778333333,37.89333333,39.69166667,28.99333333,91.364,5.425454545,46.03272727,51.62
India,England,11/10/2022,Nov,Adelaide,Australia,England,L,W,2.813,1.385,T20I,168,170,10.00,-128,102,-13,26.20,17.00,114.70,29.21625,82.43625,5.4225,40.535,43.995,30.138,100.968,5.778333333,37.89333333,39.69166667
New Zealand,Pakistan,11/9/2022,Nov,Sydney,Australia,Pakistan,L,W,0.750,1.000,T20I,152,152,70.00,-132,104,-14,26.20,17.00,114.70,29.45333333,88.70466667,5.574545455,33.23272727,35.72636364,28.99333333,91.364,5.425454545,46.03272727,51.62
Pakistan,Bangladesh,11/5/2022,Nov,Adelaide,Australia,Pakistan,W,L,1.000,0.542,T20I,128,127,50.00,-400,291,-54.5,26.20,17.00,114.70,28.99333333,91.364,5.425454545,46.03272727,51.62,21.11625,78.83125,5.192727273,33.17,38.89909091
England,Sri Lanka,11/5/2022,Nov,Sydney,Australia,England,W,L,1.385,0.219,T20I,144,141,40.00,-400,290,-55,26.20,17.00,114.70,30.138,100.968,5.778333333,37.89333333,39.69166667,24.87875,76.75125,5.679166667,34.49333333,38.29833333
Pakistan,South Africa,11/3/2022,Nov,Sydney,Australia,Pakistan,W,L,1.000,1.091,T20I,185,108,17.84,127,-161,-17,26.20,17.00,114.70,28.99333333,91.364,5.425454545,46.03272727,51.62,29.26,86.99071429,5.596923077,26.36384615,26.93846154
India,Bangladesh,11/2/2022,Nov,Adelaide,Australia,India,W,L,2.813,0.542,T20I,184,145,21.20,-833,537,-148,26.20,17.00,114.70,29.21625,82.43625,5.4225,40.535,43.995,21.11625,78.83125,5.192727273,33.17,38.89909091
England,New Zealand,11/1/2022,Nov,Brisbane,Australia,England,W,L,1.385,0.750,T20I,179,159,11.17,-149,118,-15.5,26.20,17.00,114.70,30.138,100.968,5.778333333,37.89333333,39.69166667,29.45333333,88.70466667,5.574545455,33.23272727,35.72636364
India,South Africa,10/30/2022,Oct,Perth,Australia,South Africa,L,W,2.813,1.091,T20I,133,137,50.00,-147,112,-17.5,23.80,14.90,98.40,29.21625,82.43625,5.4225,40.535,43.995,29.26,86.99071429,5.596923077,26.36384615,26.93846154
New Zealand,Sri Lanka,10/29/2022,Oct,Sydney,Australia,New Zealand,W,L,0.800,0.200,T20I,167,102,38.92,-256,200,-28,23.80,14.90,98.40,29.45333333,88.70466667,5.574545455,33.23272727,35.72636364,24.87875,76.75125,5.679166667,34.49333333,38.29833333
South Africa,Bangladesh,10/26/2022,Oct,Sydney,Australia,South Africa,W,L,1.091,0.542,T20I,205,101,51.22,-500,350,-75,23.80,14.90,98.40,29.26,86.99071429,5.596923077,26.36384615,26.93846154,21.11625,78.83125,5.192727273,33.17,38.89909091
Australia,Sri Lanka,10/25/2022,Oct,Perth,Australia,Australia,W,L,1.125,0.219,T20I,158,157,70.00,-588,397,-95.5,23.80,14.90,98.40,27.72733333,92.17733333,5.772307692,39.89076923,41.56384615,24.87875,76.75125,5.679166667,34.49333333,38.29833333
India,Pakistan,10/23/2022,Oct,Melbourne,Australia,India,W,L,2.813,1.000,T20I,160,159,40.00,-222,173,-24.5,23.80,14.90,98.40,29.21625,82.43625,5.4225,40.535,43.995,28.99333333,91.364,5.425454545,46.03272727,51.62
Australia,New Zealand,10/22/2022,Oct,Brisbane,Australia,New Zealand,L,W,1.125,0.750,T20I,111,200,44.50,-278,213,-32.5,23.80,14.90,98.40,27.72733333,92.17733333,5.772307692,39.89076923,41.56384615,29.45333333,88.70466667,5.574545455,33.23272727,35.72636364
India,Australia,10/16/2022,Oct,Perth,Australia,India,W,L,2.813,1.125,T20I,186,180,3.23,110,-141,-15.5,23.80,14.90,98.40,29.21625,82.43625,5.4225,40.535,43.995,27.72733333,92.17733333,5.772307692,39.89076923,41.56384615
England,Pakistan,10/17/2022,Oct,Perth,Australia,England,W,L,0.643,0.333,T20I,163,160,60.00,-244,188,-28,23.80,14.90,98.40,30.138,100.968,5.778333333,37.89333333,39.69166667,28.99333333,91.364,5.425454545,46.03272727,51.62
New Zealand,South Africa,10/16/2022,Oct,Brisbane,Australia,South Africa,L,W,0.750,1.091,T20I,98,100,90.00,-111,-114,-112.5,23.80,14.90,98.40,29.45333333,88.70466667,5.574545455,33.23272727,35.72636364,29.26,86.99071429,5.596923077,26.36384615,26.93846154
Australia,England,10/12/2022,Oct,Canberra,Australia,England,L,W,1.125,1.385,T20I,170,178,4.49,-164,129,-17.5,23.80,14.90,98.40,27.72733333,92.17733333,5.772307692,39.89076923,41.56384615,30.138,100.968,5.778333333,37.89333333,39.69166667
Australia,England,10/9/2022,Oct,Perth,Australia,England,L,W,1.125,1.385,T20I,200,208,3.85,-104,-118,-111,23.80,14.90,98.40,27.72733333,92.17733333,5.772307692,39.89076923,41.56384615,30.138,100.968,5.778333333,37.89333333,39.69166667
India,South Africa,10/04/2022,Oct,Indore,India,South Africa,L,W,2.813,1.091,T20I,178,227,21.59,-159,125,-17,30.60,21.00,163.30,29.21625,82.43625,5.4225,40.535,43.995,29.26,86.99071429,5.596923077,26.36384615,26.93846154
England,Pakistan,10/2/2022,Oct,Lahore,Pakistan,England,W,L,0.643,0.333,T20I,209,142,32.06,-112,-114,-113,30.20,18.70,7.20,30.138,100.968,5.778333333,37.89333333,39.69166667,28.99333333,91.364,5.425454545,46.03272727,51.62
India,South Africa,10/2/2022,Oct,Guwahati,India,India,W,L,2.813,1.091,T20I,237,221,6.75,-161,125,-18,29.80,20.40,164.30,29.21625,82.43625,5.4225,40.535,43.995,29.26,86.99071429,5.596923077,26.36384615,26.93846154
England,Pakistan,9/30/2022,Sep,Lahore,Pakistan,England,W,L,0.643,0.333,T20I,170,169,80.00,-156,125,-15.5,35.00,23.90,19.50,30.138,100.968,5.778333333,37.89333333,39.69166667,28.99333333,91.364,5.425454545,46.03272727,51.62
England,Pakistan,9/28/2022,Sep,Lahore,Pakistan,Pakistan,L,W,0.643,0.333,T20I,139,145,4.14,-147,114,-16.5,35.00,23.90,19.50,30.138,100.968,5.778333333,37.89333333,39.69166667,28.99333333,91.364,5.425454545,46.03272727,51.62
India,South Africa,9/28/2022,Sep,Thiruvananthapuram,India,India,W,L,2.813,1.091,T20I,110,106,80.00,-204,158,-23,30.10,24.70,227.10,29.21625,82.43625,5.4225,40.535,43.995,29.26,86.99071429,5.596923077,26.36384615,26.93846154
England,Pakistan,9/25/2022,Sep,Karachi,Pakistan,Pakistan,L,W,0.643,0.333,T20I,163,166,1.84,-139,110,-14.5,35.00,23.90,19.50,30.138,100.968,5.778333333,37.89333333,39.69166667,28.99333333,91.364,5.425454545,46.03272727,51.62
India,Australia,9/25/2022,Sep,Hyderabad,India,India,W,L,2.813,1.125,T20I,187,186,60.00,-192,150,-21,26.70,22.30,8.40,29.21625,82.43625,5.4225,40.535,43.995,27.72733333,92.17733333,5.772307692,39.89076923,41.56384615
England,Pakistan,9/23/2022,Sep,Karachi,Pakistan,England,W,L,0.643,0.333,T20I,221,158,28.51,110,-141,-15.5,35.00,23.90,19.50,30.138,100.968,5.778333333,37.89333333,39.69166667,28.99333333,91.364,5.425454545,46.03272727,51.62
India,Australia,9/23/2022,Sep,Nagpur,India,India,W,L,2.813,1.125,T20I,92,90,60.00,-182,144,-19,34.80,27.60,249.60,29.21625,82.43625,5.4225,40.535,43.995,27.72733333,92.17733333,5.772307692,39.89076923,41.56384615
England,Pakistan,9/22/2022,Sep,Karachi,Pakistan,Pakistan,L,W,0.643,0.333,T20I,199,203,100.00,100,-127,-13.5,35.00,23.90,19.50,30.138,100.968,5.778333333,37.89333333,39.69166667,28.99333333,91.364,5.425454545,46.03272727,51.62
England,Pakistan,9/20/2022,Sep,Karachi,Pakistan,England,W,L,0.643,0.333,T20I,160,158,60.00,-115,-110,-112.5,35.00,23.90,19.50,30.138,100.968,5.778333333,37.89333333,39.69166667,28.99333333,91.364,5.425454545,46.03272727,51.62
India,Australia,9/20/2022,Sep,Mohali,India,Australia,L,W,2.813,1.125,T20I,208,211,40.00,-169,133,-18,32.80,20.60,258.80,29.21625,82.43625,5.4225,40.535,43.995,27.72733333,92.17733333,5.772307692,39.89076923,41.56384615
South Africa,England,7/31/2022,Jul,Southhampton,England,South Africa,W,L,1.091,1.385,T20I,191,101,47.12,144,-192,-24,22.50,12.00,45.80,29.26,86.99071429,5.596923077,26.36384615,26.93846154,30.138,100.968,5.778333333,37.89333333,39.69166667
South Africa,England,7/28/2022,Jul,Cardiff,Wales,South Africa,W,L,1.091,1.385,T20I,207,149,28.02,167,-227,-30,19.90,11.20,83.60,29.26,86.99071429,5.596923077,26.36384615,26.93846154,30.138,100.968,5.778333333,37.89333333,39.69166667
South Africa,England,7/27/2022,Jul,Bristol,England,England,L,W,1.091,1.385,T20I,193,234,17.52,131,-175,-22,22.50,12.00,45.80,29.26,86.99071429,5.596923077,26.36384615,26.93846154,30.138,100.968,5.778333333,37.89333333,39.69166667
India,England,7/10/2022,Jul,Nottingham,England,England,L,W,2.813,1.385,T20I,198,215,7.91,123,-161,-19,22.50,12.00,45.80,29.21625,82.43625,5.4225,40.535,43.995,30.138,100.968,5.778333333,37.89333333,39.69166667
India,England,7/9/2022,Jul,Birmingham,England,India,W,L,2.813,1.385,T20I,170,121,28.82,-123,-106,-114.5,22.50,12.00,45.80,29.21625,82.43625,5.4225,40.535,43.995,30.138,100.968,5.778333333,37.89333333,39.69166667
India,England,7/7/2022,Jul,Southhampton,England,India,W,L,2.813,1.385,T20I,198,148,25.25,117,-154,-18.5,22.50,12.00,45.80,29.21625,82.43625,5.4225,40.535,43.995,30.138,100.968,5.778333333,37.89333333,39.69166667
India,South Africa,6/17/2022,Jun,Rajkot,India,India,W,L,2.813,1.091,T20I,169,87,48.52,-172,129,-21.5,39.20,26.80,62.20,29.21625,82.43625,5.4225,40.535,43.995,29.26,86.99071429,5.596923077,26.36384615,26.93846154
India,South Africa,6/14/2022,Jun,Visakhapatnam,India,India,W,L,2.813,1.091,T20I,179,131,26.82,-156,118,-19,34.20,26.20,62.20,29.21625,82.43625,5.4225,40.535,43.995,29.26,86.99071429,5.596923077,26.36384615,26.93846154
India,South Africa,6/12/2022,Jun,Cuttack,India,South Africa,L,W,2.813,1.091,T20I,148,148,40.00,-167,127,-20,34.70,26.80,233.20,29.21625,82.43625,5.4225,40.535,43.995,29.26,86.99071429,5.596923077,26.36384615,26.93846154
Australia,Sri Lanka,6/11/2022,Jun,Pallekele,Sri Lanka,Sri Lanka,L,W,1.125,0.219,T20I,176,177,40.00,-345,247,-49,31.00,25.20,249.60,27.72733333,92.17733333,5.772307692,39.89076923,41.56384615,24.87875,76.75125,5.679166667,34.49333333,38.29833333
India,South Africa,06/09/2022,Jun,New Delhi,India,South Africa,L,W,2.813,1.091,T20I,211,212,70.00,-161,122,-19.5,39.00,33.30,17.60,29.21625,82.43625,5.4225,40.535,43.995,29.26,86.99071429,5.596923077,26.36384615,26.93846154
Australia,Sri Lanka,6/8/2022,Jun,Colombo,Sri Lanka,Australia,W,L,1.125,0.219,T20I,126,124,30.00,-370,267,-51.5,31.00,25.20,249.60,27.72733333,92.17733333,5.772307692,39.89076923,41.56384615,24.87875,76.75125,5.679166667,34.49333333,38.29833333
Australia,Sri Lanka,6/7/2022,Jun,Colombo,Sri Lanka,Australia,W,L,1.125,0.219,T20I,134,128,100.00,-357,358,0.5,31.00,25.20,249.60,27.72733333,92.17733333,5.772307692,39.89076923,41.56384615,24.87875,76.75125,5.679166667,34.49333333,38.29833333
Australia,Pakistan,4/5/2022,Apr,Lahore,Pakistan,Australia,W,L,1.125,1.000,T20I,163,162,30.00,-102,-237,-169.5,28.10,15.80,23.40,27.72733333,92.17733333,5.772307692,39.89076923,41.56384615,28.99333333,91.364,5.425454545,46.03272727,51.62
India,Sri Lanka,2/27/2022,Feb,Dharamshala,India,India,W,L,2.813,0.219,T20I,148,146,60.00,-625,413,-106,7.30,-1.60,63.00,29.21625,82.43625,5.4225,40.535,43.995,24.87875,76.75125,5.679166667,34.49333333,38.29833333
India,Sri Lanka,2/26/2022,Feb,Dharamshala,India,India,W,L,2.813,0.219,T20I,186,183,70.00,-1111,585,-263,7.30,-1.60,63.00,29.21625,82.43625,5.4225,40.535,43.995,24.87875,76.75125,5.679166667,34.49333333,38.29833333
India,Sri Lanka,2/24/2022,Feb,Lucknow,India,India,W,L,2.813,0.219,T20I,199,137,31.16,-476,333,-71.5,26.20,18.50,0.00,29.21625,82.43625,5.4225,40.535,43.995,24.87875,76.75125,5.679166667,34.49333333,38.29833333
Australia,Sri Lanka,2/19/2022,Feb,Melbourne,Australia,Sri Lanka,L,W,1.125,0.219,T20I,154,155,50.00,-769,487,-141,29.00,19.40,117.70,27.72733333,92.17733333,5.772307692,39.89076923,41.56384615,24.87875,76.75125,5.679166667,34.49333333,38.29833333
Australia,Sri Lanka,2/18/2022,Feb,Melbourne,Australia,Australia,W,L,1.125,0.219,T20I,143,139,60.00,-769,463,-153,29.00,19.40,117.70,27.72733333,92.17733333,5.772307692,39.89076923,41.56384615,24.87875,76.75125,5.679166667,34.49333333,38.29833333
Australia,Sri Lanka,2/15/2022,Feb,Canberra,Australia,Australia,W,L,1.125,0.219,T20I,124,121,60.00,-714,451,-131.5,29.00,19.40,117.70,27.72733333,92.17733333,5.772307692,39.89076923,41.56384615,24.87875,76.75125,5.679166667,34.49333333,38.29833333
Australia,Sri Lanka,2/11/2022,Feb,Sydney,Australia,Australia,W,L,1.125,0.219,T20I,149,122,13.42,-714,465,-124.5,29.00,19.40,117.70,27.72733333,92.17733333,5.772307692,39.89076923,41.56384615,24.87875,76.75125,5.679166667,34.49333333,38.29833333
Australia,New Zealand,11/14/2021,Nov,Dubai,United Arab Emirates,Australia,W,L,1.125,0.750,T20I,173,172,80.00,-208,159,-24.5,31.80,23.60,12.70,27.72733333,92.17733333,5.772307692,39.89076923,41.56384615,29.45333333,88.70466667,5.574545455,33.23272727,35.72636364
Australia,Pakistan,11/11/2021,Nov,Dubai,United Arab Emirates,Australia,W,L,1.125,1.000,T20I,177,176,50.00,-149,117,-16,31.80,23.60,12.70,27.72733333,92.17733333,5.772307692,39.89076923,41.56384615,28.99333333,91.364,5.425454545,46.03272727,51.62
England,New Zealand,11/10/2021,Nov,Abu Dhabi,United Arab Emirates,New Zealand,L,W,1.385,0.750,T20I,166,167,30.00,-154,120,-17,31.80,23.60,12.70,30.138,100.968,5.778333333,37.89333333,39.69166667,29.45333333,88.70466667,5.574545455,33.23272727,35.72636364
England,South Africa,11/6/2021,Nov,Sharjah,United Arab Emirates,South Africa,L,W,1.385,1.091,T20I,179,189,5.29,-263,198,-32.5,31.80,23.60,12.70,30.138,100.968,5.778333333,37.89333333,39.69166667,29.26,86.99071429,5.596923077,26.36384615,26.93846154
Australia,Bangladesh,11/4/2021,Nov,Dubai,United Arab Emirates,Australia,W,L,0.429,0.571,T20I,78,70,10.26,-909,569,-170,31.80,23.60,12.70,27.72733333,92.17733333,5.772307692,39.89076923,41.56384615,21.11625,78.83125,5.192727273,33.17,38.89909091
South Africa,Bangladesh,11/2/2021,Nov,Abu Dhabi,United Arab Emirates,South Africa,W,L,1.091,0.542,T20I,86,84,60.00,-526,346,-90,31.80,23.60,12.70,29.26,86.99071429,5.596923077,26.36384615,26.93846154,21.11625,78.83125,5.192727273,33.17,38.89909091
England,Sri Lanka,11/1/2021,Nov,Sharjah,United Arab Emirates,England,W,L,1.385,0.219,T20I,163,137,15.95,-370,279,-45.5,31.80,23.60,12.70,30.138,100.968,5.778333333,37.89333333,39.69166667,24.87875,76.75125,5.679166667,34.49333333,38.29833333
India,New Zealand,10/31/2021,Oct,Dubai,United Arab Emirates,New Zealand,L,W,0.846,0.154,T20I,110,111,80.00,-200,159,-20.5,36.90,27.00,4.60,29.21625,82.43625,5.4225,40.535,43.995,29.45333333,88.70466667,5.574545455,33.23272727,35.72636364
Australia,England,10/30/2021,Oct,Dubai,United Arab Emirates,England,L,W,1.125,1.385,T20I,125,126,80.00,135,-172,-18.5,36.90,27.00,4.60,27.72733333,92.17733333,5.772307692,39.89076923,41.56384615,30.138,100.968,5.778333333,37.89333333,39.69166667
South Africa,Sri Lanka,10/30/2021,Oct,Sharjah,United Arab Emirates,South Africa,W,L,1.091,0.219,T20I,146,142,40.00,-270,210,-30,36.90,27.00,4.60,29.26,86.99071429,5.596923077,26.36384615,26.93846154,24.87875,76.75125,5.679166667,34.49333333,38.29833333
Australia,Sri Lanka,10/28/2021,Oct,Dubai,United Arab Emirates,Australia,W,L,1.125,0.219,T20I,155,154,70.00,-385,278,-53.5,36.90,27.00,4.60,27.72733333,92.17733333,5.772307692,39.89076923,41.56384615,24.87875,76.75125,5.679166667,34.49333333,38.29833333
England,Bangladesh,10/27/2021,Oct,Abu Dhabi,United Arab Emirates,England,W,L,1.385,0.542,T20I,126,124,80.00,-588,407,-90.5,36.90,27.00,4.60,30.138,100.968,5.778333333,37.89333333,39.69166667,21.11625,78.83125,5.192727273,33.17,38.89909091
New Zealand,Pakistan,10/26/2021,Oct,Sharjah,United Arab Emirates,Pakistan,L,W,0.750,1.000,T20I,134,135,50.00,147,-185,-19,36.90,27.00,4.60,29.45333333,88.70466667,5.574545455,33.23272727,35.72636364,28.99333333,91.364,5.425454545,46.03272727,51.62
India,Pakistan,10/24/2021,Oct,Dubai,United Arab Emirates,Pakistan,L,W,2.813,1.000,T20I,151,152,100.00,-175,142,-16.5,36.90,27.00,4.60,29.21625,82.43625,5.4225,40.535,43.995,28.99333333,91.364,5.425454545,46.03272727,51.62
Sri Lanka,Bangladesh,10/24/2021,Oct,Sharjah,United Arab Emirates,Sri Lanka,W,L,0.219,0.542,T20I,172,171,50.00,-179,140,-19.5,36.90,27.00,4.60,24.87875,76.75125,5.679166667,34.49333333,38.29833333,21.11625,78.83125,5.192727273,33.17,38.89909091
Australia,South Africa,10/23/2021,Oct,Abu Dhabi,United Arab Emirates,Australia,W,L,1.125,1.091,T20I,121,118,50.00,-161,127,-17,36.90,27.00,4.60,27.72733333,92.17733333,5.772307692,39.89076923,41.56384615,29.26,86.99071429,5.596923077,26.36384615,26.93846154
South Africa,Pakistan,10/20/2021,Oct,Abu Dhabi,United Arab Emirates,South Africa,W,L,1.091,1.000,T20I,190,186,50.00,114,-143,-14.5,36.90,27.00,4.60,29.26,86.99071429,5.596923077,26.36384615,26.93846154,28.99333333,91.364,5.425454545,46.03272727,51.62
England,New Zealand,10/20/2021,Oct,Abu Dhabi,United Arab Emirates,England,W,L,1.385,0.750,T20I,163,150,7.98,-156,125,-15.5,36.90,27.00,4.60,30.138,100.968,5.778333333,37.89333333,39.69166667,29.45333333,88.70466667,5.574545455,33.23272727,35.72636364
India,Australia,10/20/2021,Oct,Dubai,United Arab Emirates,India,W,L,2.813,1.125,T20I,153,152,80.00,-167,129,-19,36.90,27.00,4.60,29.21625,82.43625,5.4225,40.535,43.995,27.72733333,92.17733333,5.772307692,39.89076923,41.56384615
Pakistan,Bangladesh,11/22/2021,Nov,Dhaka,Bangladesh,Pakistan,W,L,1.000,0.542,T20I,127,124,50.00,-400,287,-56.5,27.60,18.20,43.90,28.99333333,91.364,5.425454545,46.03272727,51.62,21.11625,78.83125,5.192727273,33.17,38.89909091
India,New Zealand,11/21/2021,Nov,Kolkata,India,India,W,L,0.846,0.154,T20I,184,111,39.67,-192,147,-22.5,30.20,20.10,32.60,29.21625,82.43625,5.4225,40.535,43.995,29.45333333,88.70466667,5.574545455,33.23272727,35.72636364
Pakistan,Bangladesh,11/20/2021,Nov,Dhaka,Bangladesh,Pakistan,W,L,1.000,0.542,T20I,109,108,80.00,-385,282,-51.5,27.60,18.20,43.90,28.99333333,91.364,5.425454545,46.03272727,51.62,21.11625,78.83125,5.192727273,33.17,38.89909091
India,New Zealand,11/19/2021,Nov,Ranchi,India,India,W,L,0.846,0.154,T20I,155,153,70.00,-345,248,-48.5,28.80,18.00,43.20,29.21625,82.43625,5.4225,40.535,43.995,29.45333333,88.70466667,5.574545455,33.23272727,35.72636364
Pakistan,Bangladesh,11/19/2021,Nov,Dhaka,Bangladesh,Pakistan,W,L,1.000,0.542,T20I,132,127,40.00,-400,291,-54.5,27.60,18.20,43.90,28.99333333,91.364,5.425454545,46.03272727,51.62,21.11625,78.83125,5.192727273,33.17,38.89909091
India,New Zealand,11/17/2021,Nov,Jaipur,India,India,W,L,0.846,0.154,T20I,166,164,50.00,-323,237,-43,28.80,18.00,43.20,29.21625,82.43625,5.4225,40.535,43.995,29.45333333,88.70466667,5.574545455,33.23272727,35.72636364
South Africa,Sri Lanka,9/14/2021,Sep,Colombo,Sri Lanka,South Africa,W,L,1.091,0.219,T20I,121,120,100.00,-175,138,-18.5,30.00,24.60,223.40,29.26,86.99071429,5.596923077,26.36384615,26.93846154,24.87875,76.75125,5.679166667,34.49333333,38.29833333
South Africa,Sri Lanka,9/12/2021,Sep,Colombo,Sri Lanka,South Africa,W,L,1.091,0.219,T20I,105,103,90.00,-175,135,-20,30.00,24.60,223.40,29.26,86.99071429,5.596923077,26.36384615,26.93846154,24.87875,76.75125,5.679166667,34.49333333,38.29833333
South Africa,Sri Lanka,9/10/2021,Sep,Colombo,Sri Lanka,South Africa,W,L,1.091,0.219,T20I,163,135,17.18,-145,116,-14.5,30.00,24.60,223.40,29.26,86.99071429,5.596923077,26.36384615,26.93846154,24.87875,76.75125,5.679166667,34.49333333,38.29833333
New Zealand,Bangladesh,9/10/2021,Sep,Dhaka,Bangladesh,New Zealand,W,L,0.750,0.542,T20I,161,134,16.77,125,-159,-17,31.80,23.60,249.60,29.45333333,88.70466667,5.574545455,33.23272727,35.72636364,21.11625,78.83125,5.192727273,33.17,38.89909091
New Zealand,Bangladesh,9/8/2021,Sep,Dhaka,Bangladesh,Bangladesh,L,W,0.750,0.542,T20I,93,96,60.00,144,-189,-22.5,31.80,23.60,249.60,29.45333333,88.70466667,5.574545455,33.23272727,35.72636364,21.11625,78.83125,5.192727273,33.17,38.89909091
New Zealand,Bangladesh,9/5/2021,Sep,Dhaka,Bangladesh,New Zealand,W,L,0.750,0.542,T20I,128,76,40.63,177,-238,-30.5,31.80,23.60,249.60,29.45333333,88.70466667,5.574545455,33.23272727,35.72636364,21.11625,78.83125,5.192727273,33.17,38.89909091
New Zealand,Bangladesh,9/3/2021,Sep,Dhaka,Bangladesh,Bangladesh,L,W,0.750,0.542,T20I,137,141,2.84,165,-222,-28.5,31.80,23.60,249.60,29.45333333,88.70466667,5.574545455,33.23272727,35.72636364,21.11625,78.83125,5.192727273,33.17,38.89909091
New Zealand,Bangladesh,9/1/2021,Sep,Dhaka,Bangladesh,Bangladesh,L,W,0.750,0.542,T20I,60,62,70.00,166,-217,-25.5,31.80,23.60,249.60,29.45333333,88.70466667,5.574545455,33.23272727,35.72636364,21.11625,78.83125,5.192727273,33.17,38.89909091
Australia,Bangladesh,8/9/2021,Aug,Dhaka,Bangladesh,Bangladesh,L,W,0.429,0.571,T20I,62,122,49.18,-169,129,-20,32.20,24.00,285.80,27.72733333,92.17733333,5.772307692,39.89076923,41.56384615,21.11625,78.83125,5.192727273,33.17,38.89909091
Australia,Bangladesh,8/7/2021,Aug,Dhaka,Bangladesh,Australia,W,L,0.429,0.571,T20I,105,104,30.00,-175,129,-23,32.20,24.00,285.80,27.72733333,92.17733333,5.772307692,39.89076923,41.56384615,21.11625,78.83125,5.192727273,33.17,38.89909091
Australia,Bangladesh,8/6/2021,Aug,Dhaka,Bangladesh,Bangladesh,L,W,0.429,0.571,T20I,117,127,7.87,-164,125,-19.5,32.20,24.00,285.80,27.72733333,92.17733333,5.772307692,39.89076923,41.56384615,21.11625,78.83125,5.192727273,33.17,38.89909091
Australia,Bangladesh,8/4/2021,Aug,Dhaka,Bangladesh,Bangladesh,L,W,0.429,0.571,T20I,121,131,50.00,-189,146,-21.5,32.20,24.00,285.80,27.72733333,92.17733333,5.772307692,39.89076923,41.56384615,21.11625,78.83125,5.192727273,33.17,38.89909091
Australia,Bangladesh,8/3/2021,Aug,Dhaka,Bangladesh,Bangladesh,L,W,0.429,0.571,T20I,108,131,17.56,-303,227,-38,32.20,24.00,285.80,27.72733333,92.17733333,5.772307692,39.89076923,41.56384615,21.11625,78.83125,5.192727273,33.17,38.89909091
India,Sri Lanka,7/29/2021,Jul,Colombo,Sri Lanka,Sri Lanka,L,W,2.813,0.219,T20I,81,82,70.00,-156,-172,-164,30.40,25.00,285.80,29.21625,82.43625,5.4225,40.535,43.995,24.87875,76.75125,5.679166667,34.49333333,38.29833333
India,Sri Lanka,7/28/2021,Jul,Colombo,Sri Lanka,Sri Lanka,L,W,2.813,0.219,T20I,132,133,40.00,-127,-103,-115,30.40,25.00,285.80,29.21625,82.43625,5.4225,40.535,43.995,24.87875,76.75125,5.679166667,34.49333333,38.29833333
India,Sri Lanka,7/25/2021,Jul,Colombo,Sri Lanka,India,W,L,2.813,0.219,T20I,164,126,23.17,-333,245,-44,30.40,25.00,285.80,29.21625,82.43625,5.4225,40.535,43.995,24.87875,76.75125,5.679166667,34.49333333,38.29833333
England,Pakistan,7/20/2021,Jul,Manchester,England,England,W,L,0.643,0.333,T20I,155,154,30.00,-213,162,-25.5,22.50,12.00,45.80,30.138,100.968,5.778333333,37.89333333,39.69166667,28.99333333,91.364,5.425454545,46.03272727,51.62
England,Pakistan,7/18/2021,Jul,Leeds,England,England,W,L,0.643,0.333,T20I,200,155,22.50,-196,150,-23,22.50,12.00,45.80,30.138,100.968,5.778333333,37.89333333,39.69166667,28.99333333,91.364,5.425454545,46.03272727,51.62
England,Pakistan,7/16/2021,Jul,Nottingham,England,Pakistan,L,W,0.643,0.333,T20I,201,232,13.36,-192,145,-23.5,22.50,12.00,45.80,30.138,100.968,5.778333333,37.89333333,39.69166667,28.99333333,91.364,5.425454545,46.03272727,51.62
England,Sri Lanka,6/26/2021,Jun,Southampton,England,England,W,L,1.385,0.219,T20I,180,91,49.44,-588,383,-102.5,20.00,10.30,52.50,30.138,100.968,5.778333333,37.89333333,39.69166667,24.87875,76.75125,5.679166667,34.49333333,38.29833333
England,Sri Lanka,6/23/2021,Jun,Cardiff,Wales,England,W,L,1.385,0.219,T20I,130,129,80.00,-714,450,-132,18.40,9.90,73.50,30.138,100.968,5.778333333,37.89333333,39.69166667,24.87875,76.75125,5.679166667,34.49333333,38.29833333
South Africa,Pakistan,4/16/2021,Apr,Centurion,South Africa,Pakistan,L,W,1.091,1.000,T20I,144,149,30.00,124,-159,-17.5,23.60,13.20,96.70,29.26,86.99071429,5.596923077,26.36384615,26.93846154,28.99333333,91.364,5.425454545,46.03272727,51.62
South Africa,Pakistan,4/14/2021,Apr,Centurion,South Africa,Pakistan,L,W,1.091,1.000,T20I,203,205,30.00,124,-161,-18.5,23.60,13.20,96.70,29.26,86.99071429,5.596923077,26.36384615,26.93846154,28.99333333,91.364,5.425454545,46.03272727,51.62
South Africa,Pakistan,4/12/2021,Apr,Sandton,South Africa,South Africa,W,L,1.091,1.000,T20I,141,140,60.00,123,-156,-16.5,23.60,13.20,96.70,29.26,86.99071429,5.596923077,26.36384615,26.93846154,28.99333333,91.364,5.425454545,46.03272727,51.62
South Africa,Pakistan,4/10/2021,Apr,Sandton,South Africa,Pakistan,L,W,1.091,1.000,T20I,188,189,40.00,143,-185,-21,23.60,13.20,96.70,29.26,86.99071429,5.596923077,26.36384615,26.93846154,28.99333333,91.364,5.425454545,46.03272727,51.62
New Zealand,Bangladesh,3/31/2021,Mar,Auckland,New Zealand,New Zealand,W,L,0.750,0.542,T20I,141,76,46.10,-714,473,-120.5,16.60,9.90,72.80,29.45333333,88.70466667,5.574545455,33.23272727,35.72636364,21.11625,78.83125,5.192727273,33.17,38.89909091
New Zealand,Bangladesh,3/29/2021,Mar,Napier,New Zealand,New Zealand,W,L,0.750,0.542,T20I,173,142,16.18,-714,483,-115.5,16.60,9.90,72.80,29.45333333,88.70466667,5.574545455,33.23272727,35.72636364,21.11625,78.83125,5.192727273,33.17,38.89909091
New Zealand,Bangladesh,3/27/2021,Mar,Hamilton,New Zealand,New Zealand,W,L,0.750,0.542,T20I,210,144,31.43,-769,498,-135.5,16.60,9.90,72.80,29.45333333,88.70466667,5.574545455,33.23272727,35.72636364,21.11625,78.83125,5.192727273,33.17,38.89909091
India,England,3/20/2021,Mar,Ahmedabad,India,India,W,L,2.813,1.385,T20I,224,188,16.07,-101,-127,-114,27.60,19.60,0.20,29.21625,82.43625,5.4225,40.535,43.995,30.138,100.968,5.778333333,37.89333333,39.69166667
India,England,3/18/2021,Mar,Ahmedabad,India,India,W,L,2.813,1.385,T20I,185,177,4.52,-435,326,-54.5,27.60,19.60,0.20,29.21625,82.43625,5.4225,40.535,43.995,30.138,100.968,5.778333333,37.89333333,39.69166667
India,England,3/16/2021,Mar,Ahmedabad,India,England,L,W,2.813,1.385,T20I,156,158,80.00,-119,-108,-113.5,27.60,19.60,0.20,29.21625,82.43625,5.4225,40.535,43.995,30.138,100.968,5.778333333,37.89333333,39.69166667
India,England,3/14/2021,Mar,Ahmedabad,India,India,W,L,2.813,1.385,T20I,166,164,70.00,-145,110,-17.5,27.60,19.60,0.20,29.21625,82.43625,5.4225,40.535,43.995,30.138,100.968,5.778333333,37.89333333,39.69166667
India,England,3/12/2021,Mar,Ahmedabad,India,England,L,W,2.813,1.385,T20I,124,130,80.00,-130,100,-15,27.60,19.60,0.20,29.21625,82.43625,5.4225,40.535,43.995,30.138,100.968,5.778333333,37.89333333,39.69166667
Australia,New Zealand,3/6/2021,Mar,Wellington,New Zealand,New Zealand,L,W,1.125,0.750,T20I,142,143,70.00,-141,106,-17.5,16.60,9.90,72.80,27.72733333,92.17733333,5.772307692,39.89076923,41.56384615,29.45333333,88.70466667,5.574545455,33.23272727,35.72636364
Australia,New Zealand,3/4/2021,Mar,Wellington,New Zealand,Australia,W,L,1.125,0.750,T20I,156,106,32.05,-128,100,-14,16.60,9.90,72.80,27.72733333,92.17733333,5.772307692,39.89076923,41.56384615,29.45333333,88.70466667,5.574545455,33.23272727,35.72636364
Australia,New Zealand,3/2/2021,Mar,Wellington,New Zealand,Australia,W,L,1.125,0.750,T20I,208,144,30.77,-111,-116,-113.5,16.60,9.90,72.80,27.72733333,92.17733333,5.772307692,39.89076923,41.56384615,29.45333333,88.70466667,5.574545455,33.23272727,35.72636364
Australia,New Zealand,2/24/2021,Feb,Wellington,New Zealand,New Zealand,L,W,1.125,0.750,T20I,215,219,1.83,-118,-106,-112,17.90,11.30,78.40,27.72733333,92.17733333,5.772307692,39.89076923,41.56384615,29.45333333,88.70466667,5.574545455,33.23272727,35.72636364
Australia,New Zealand,2/21/2021,Feb,Wellington,New Zealand,New Zealand,L,W,1.125,0.750,T20I,131,184,28.80,-137,106,-15.5,17.90,11.30,78.40,27.72733333,92.17733333,5.772307692,39.89076923,41.56384615,29.45333333,88.70466667,5.574545455,33.23272727,35.72636364
South Africa,Pakistan,2/14/2021,Feb,Lahore,Pakistan,Pakistan,L,W,1.091,1.000,T20I,164,169,40.00,150,-196,-23,19.50,7.60,25.80,29.26,86.99071429,5.596923077,26.36384615,26.93846154,28.99333333,91.364,5.425454545,46.03272727,51.62
South Africa,Pakistan,2/13/2021,Feb,Lahore,Pakistan,South Africa,W,L,1.091,1.000,T20I,145,144,60.00,146,-189,-21.5,19.50,7.60,25.80,29.26,86.99071429,5.596923077,26.36384615,26.93846154,28.99333333,91.364,5.425454545,46.03272727,51.62
South Africa,Pakistan,2/11/2021,Feb,Lahore,Pakistan,Pakistan,L,W,1.091,1.000,T20I,166,169,1.78,150,-196,-23,19.50,7.60,25.80,29.26,86.99071429,5.596923077,26.36384615,26.93846154,28.99333333,91.364,5.425454545,46.03272727,51.62
New Zealand,Pakistan,12/21/2020,Dec,Napier,New Zealand,Pakistan,L,W,0.750,1.000,T20I,137,177,40.00,-227,175,-26,16.40,11.00,79.60,29.45333333,88.70466667,5.574545455,33.23272727,35.72636364,28.99333333,91.364,5.425454545,46.03272727,51.62
New Zealand,Pakistan,12/19/2020,Dec,Hamilton,New Zealand,New Zealand,W,L,0.750,1.000,T20I,164,163,90.00,-222,174,-24,16.40,11.00,79.60,29.45333333,88.70466667,5.574545455,33.23272727,35.72636364,28.99333333,91.364,5.425454545,46.03272727,51.62
New Zealand,Pakistan,12/17/2020,Dec,Auckland,New Zealand,New Zealand,W,L,0.750,1.000,T20I,156,153,50.00,-185,148,-18.5,16.40,11.00,79.60,29.45333333,88.70466667,5.574545455,33.23272727,35.72636364,28.99333333,91.364,5.425454545,46.03272727,51.62
India,Australia,12/8/2020,Dec,Sydney,Australia,Australia,L,W,2.813,1.125,T20I,174,186,6.45,-135,108,-13.5,28.10,18.60,124.80,29.21625,82.43625,5.4225,40.535,43.995,27.72733333,92.17733333,5.772307692,39.89076923,41.56384615
India,Australia,12/6/2020,Dec,Sydney,Australia,India,W,L,2.813,1.125,T20I,195,195,60.00,-159,125,-17,28.10,18.60,124.80,29.21625,82.43625,5.4225,40.535,43.995,27.72733333,92.17733333,5.772307692,39.89076923,41.56384615
India,Australia,12/4/2020,Dec,Griffith,Australia,India,W,L,2.813,1.125,T20I,161,150,6.83,106,-135,-14.5,28.10,18.60,124.80,29.21625,82.43625,5.4225,40.535,43.995,27.72733333,92.17733333,5.772307692,39.89076923,41.56384615
England,South Africa,12/1/2020,Dec,Cape Town,South Africa,England,W,L,1.385,1.091,T20I,192,191,90.00,-217,164,-26.5,28.10,16.60,124.80,30.138,100.968,5.778333333,37.89333333,39.69166667,29.26,86.99071429,5.596923077,26.36384615,26.93846154
England,South Africa,11/29/2020,Nov,Paarl,South Africa,England,W,L,1.385,1.091,T20I,147,146,40.00,-196,152,-22,26.20,15.00,114.70,30.138,100.968,5.778333333,37.89333333,39.69166667,29.26,86.99071429,5.596923077,26.36384615,26.93846154
England,South Africa,11/27/2020,Nov,Cape Town,South Africa,England,W,L,1.385,1.091,T20I,183,179,50.00,-222,170,-26,26.20,15.00,114.70,30.138,100.968,5.778333333,37.89333333,39.69166667,29.26,86.99071429,5.596923077,26.36384615,26.93846154
England,Australia,9/8/2020,Sep,Southampton,England,Australia,L,W,1.385,1.125,T20I,145,146,50.00,119,-149,-15,18.30,10.00,49.60,30.138,100.968,5.778333333,37.89333333,39.69166667,27.72733333,92.17733333,5.772307692,39.89076923,41.56384615
England,Australia,9/6/2020,Sep,Southampton,England,England,W,L,1.385,1.125,T20I,158,157,60.00,-123,-101,-112,18.30,10.00,49.60,30.138,100.968,5.778333333,37.89333333,39.69166667,27.72733333,92.17733333,5.772307692,39.89076923,41.56384615
England,Australia,9/4/2020,Sep,Southampton,England,England,W,L,1.385,1.125,T20I,162,160,1.23,-104,-120,-112,18.30,10.00,49.60,30.138,100.968,5.778333333,37.89333333,39.69166667,27.72733333,92.17733333,5.772307692,39.89076923,41.56384615
England,Pakistan,9/1/2020,Sep,Manchester,England,Pakistan,L,W,0.643,0.333,T20I,185,190,2.63,-185,146,-19.5,18.30,10.00,49.60,30.138,100.968,5.778333333,37.89333333,39.69166667,28.99333333,91.364,5.425454545,46.03272727,51.62
England,Pakistan,8/30/2020,Aug,Manchester,England,England,W,L,0.643,0.333,T20I,199,195,50.00,-185,146,-19.5,21.50,11.60,52.80,30.138,100.968,5.778333333,37.89333333,39.69166667,28.99333333,91.364,5.425454545,46.03272727,51.62
Australia,South Africa,2/26/2020,Feb,Cape Town,South Africa,Australia,W,L,1.125,1.091,T20I,193,96,50.26,-164,125,-19.5,26.40,15.80,117.70,27.72733333,92.17733333,5.772307692,39.89076923,41.56384615,29.26,86.99071429,5.596923077,26.36384615,26.93846154
Australia,South Africa,2/23/2020,Feb,Gqeberha,South Africa,South Africa,L,W,1.125,1.091,T20I,146,158,7.59,-28,161,66.5,26.40,15.80,117.70,27.72733333,92.17733333,5.772307692,39.89076923,41.56384615,29.26,86.99071429,5.596923077,26.36384615,26.93846154
Australia,South Africa,2/21/2020,Feb,Sandton,South Africa,Australia,W,L,1.125,1.091,T20I,196,89,54.59,-156,122,-17,26.40,15.80,117.70,27.72733333,92.17733333,5.772307692,39.89076923,41.56384615,29.26,86.99071429,5.596923077,26.36384615,26.93846154
England,South Africa,2/16/2020,Feb,Centurion,South Africa,England,W,L,1.385,1.091,T20I,226,222,50.00,-182,139,-21.5,26.40,15.80,117.70,30.138,100.968,5.778333333,37.89333333,39.69166667,29.26,86.99071429,5.596923077,26.36384615,26.93846154
England,South Africa,2/14/2020,Feb,Durban,South Africa,England,W,L,1.385,1.091,T20I,204,202,0.98,-185,140,-22.5,26.40,15.80,117.70,30.138,100.968,5.778333333,37.89333333,39.69166667,29.26,86.99071429,5.596923077,26.36384615,26.93846154
England,South Africa,2/12/2020,Feb,East London,South Africa,South Africa,L,W,1.385,1.091,T20I,176,177,0.56,-200,152,-24,26.40,15.80,117.70,30.138,100.968,5.778333333,37.89333333,39.69166667,29.26,86.99071429,5.596923077,26.36384615,26.93846154
India,New Zealand,2/1/2020,Feb,Mount Maunganui,New Zealand,India,W,L,0.846,0.154,T20I,163,156,4.29,-141,108,-16.5,17.90,11.30,78.40,29.21625,82.43625,5.4225,40.535,43.995,29.45333333,88.70466667,5.574545455,33.23272727,35.72636364
India,New Zealand,1/30/2020,Jan,Wellington,New Zealand,India,W,L,0.846,0.154,T20I,166,165,0.60,-141,108,-16.5,17.80,10.80,79.90,29.21625,82.43625,5.4225,40.535,43.995,29.45333333,88.70466667,5.574545455,33.23272727,35.72636364
India,New Zealand,1/28/2020,Jan,Hamilton,New Zealand,India,W,L,0.846,0.154,T20I,180,179,0.56,-154,118,-18,17.80,10.80,79.90,29.21625,82.43625,5.4225,40.535,43.995,29.45333333,88.70466667,5.574545455,33.23272727,35.72636364
India,New Zealand,1/25/2020,Jan,Auckland,New Zealand,India,W,L,0.846,0.154,T20I,135,132,70.00,-156,117,-19.5,17.80,10.80,79.90,29.21625,82.43625,5.4225,40.535,43.995,29.45333333,88.70466667,5.574545455,33.23272727,35.72636364
Pakistan,Bangladesh,1/25/2020,Jan,Lahore,Pakistan,Pakistan,W,L,1.000,0.542,T20I,137,136,90.00,-323,234,-44.5,16.40,5.30,20.00,28.99333333,91.364,5.425454545,46.03272727,51.62,21.11625,78.83125,5.192727273,33.17,38.89909091
Pakistan,Bangladesh,1/24/2020,Jan,Lahore,Pakistan,Pakistan,W,L,1.000,0.542,T20I,142,141,50.00,-286,214,-36,16.40,5.30,20.00,28.99333333,91.364,5.425454545,46.03272727,51.62,21.11625,78.83125,5.192727273,33.17,38.89909091
India,New Zealand,1/23/2020,Jan,Auckland,New Zealand,India,W,L,0.846,0.154,T20I,204,203,60.00,-167,129,-19,17.80,10.80,79.90,29.21625,82.43625,5.4225,40.535,43.995,29.45333333,88.70466667,5.574545455,33.23272727,35.72636364
India,Sri Lanka,1/10/2020,Jan,Pune,India,India,W,L,2.813,0.219,T20I,201,123,38.81,-435,298,-68.5,11.20,1.70,34.00,29.21625,82.43625,5.4225,40.535,43.995,24.87875,76.75125,5.679166667,34.49333333,38.29833333
India,Sri Lanka,1/7/2020,Jan,Indore,India,India,W,L,2.813,0.219,T20I,144,142,70.00,-476,324,-76,25.80,15.40,17.30,29.21625,82.43625,5.4225,40.535,43.995,24.87875,76.75125,5.679166667,34.49333333,38.29833333
India,Bangladesh,11/10/2019,Nov,Nagpur,India,India,W,L,2.813,0.542,T20I,174,144,17.24,-769,450,-159.5,29.60,23.60,43.90,29.21625,82.43625,5.4225,40.535,43.995,21.11625,78.83125,5.192727273,33.17,38.89909091
England,New Zealand,11/9/2019,Nov,Auckland,New Zealand,England,W,L,1.385,0.750,T20I,147,146,0.68,-108,-122,-115,14.50,9.50,76.30,30.138,100.968,5.778333333,37.89333333,39.69166667,29.45333333,88.70466667,5.574545455,33.23272727,35.72636364
New Zealand,Sri Lanka,12/30/2015,Dec,Auckland,New Zealand,Sri Lanka,L,W,0.800,0.200,T20I,277,278,38.92,-256,200,-28,16.40,11.00,79.60,29.45333333,88.70466667,5.574545455,33.23272727,35.72636364,24.87875,76.75125,5.679166667,34.49333333,38.29833333
Australia,Pakistan,1/13/2017,Jan,Brisbane,Australia,Australia,W,L,1.125,1.000,ODI,268,176,92.00,-500,334,,29.40,19.60,125.10,27.72733333,92.17733333,5.772307692,39.89076923,41.56384615,28.99333333,91.364,5.425454545,46.03272727,51.62
India,England,1/15/2017,Jan,Pune,India,India,W,L,2.813,1.385,ODI,356,350,3.00,-208,154,,11.20,1.70,34.00,29.21625,82.43625,5.4225,40.535,43.995,30.138,100.968,5.778333333,37.89333333,39.69166667
Australia,Pakistan,1/15/2017,Jan,Melbourne,Australia,Pakistan,L,W,1.125,1.000,ODI,220,221,6.00,-556,429,,29.40,19.60,125.10,27.72733333,92.17733333,5.772307692,39.89076923,41.56384615,28.99333333,91.364,5.425454545,46.03272727,51.62
India,England,1/19/2017,Jan,Cuttack,India,India,W,L,2.813,1.385,ODI,381,366,15.00,-204,154,,27.90,17.60,19.80,29.21625,82.43625,5.4225,40.535,43.995,30.138,100.968,5.778333333,37.89333333,39.69166667
Australia,Pakistan,1/19/2017,Jan,Perth,Australia,Australia,W,L,1.125,1.000,ODI,265,263,7.00,-400,274,,29.40,19.60,125.10,27.72733333,92.17733333,5.772307692,39.89076923,41.56384615,28.99333333,91.364,5.425454545,46.03272727,51.62
India,England,1/22/2017,Jan,Kolkata,India,England,L,W,2.813,1.385,ODI,316,321,5.00,-222,166,,25.50,14.30,15.40,29.21625,82.43625,5.4225,40.535,43.995,30.138,100.968,5.778333333,37.89333333,39.69166667
Australia,Pakistan,1/22/2017,Jan,Sydney,Australia,Australia,W,L,1.125,1.000,ODI,353,267,86.00,-385,264,,29.40,19.60,125.10,27.72733333,92.17733333,5.772307692,39.89076923,41.56384615,28.99333333,91.364,5.425454545,46.03272727,51.62
Australia,Pakistan,1/26/2017,Jan,Adelaide,Australia,Australia,W,L,1.125,1.000,ODI,369,312,57.00,-435,297,,29.40,19.60,125.10,27.72733333,92.17733333,5.772307692,39.89076923,41.56384615,28.99333333,91.364,5.425454545,46.03272727,51.62
South Africa,Sri Lanka,1/28/2017,Jan,Gqeberha,South Africa,South Africa,W,L,1.091,0.219,ODI,185,181,8.00,-1000,589,,26.50,15.90,125.10,29.26,86.99071429,5.596923077,26.36384615,26.93846154,24.87875,76.75125,5.679166667,34.49333333,38.29833333
New Zealand,Australia,1/30/2017,Jan,Auckland,New Zealand,New Zealand,W,L,0.750,1.125,ODI,286,280,6.00,-108,-122,,17.80,10.80,79.90,29.45333333,88.70466667,5.574545455,33.23272727,35.72636364,27.72733333,92.17733333,5.772307692,39.89076923,41.56384615
South Africa,Sri Lanka,2/1/2017,Feb,Durban,South Africa,South Africa,W,L,1.091,0.219,ODI,307,186,121.00,-1250,702,,26.40,15.80,117.70,29.26,86.99071429,5.596923077,26.36384615,26.93846154,24.87875,76.75125,5.679166667,34.49333333,38.29833333
South Africa,Sri Lanka,2/4/2017,Feb,Johannesburg,South Africa,South Africa,W,L,1.091,0.219,ODI,164,163,7.00,-1429,695,,26.40,15.80,117.70,29.26,86.99071429,5.596923077,26.36384615,26.93846154,24.87875,76.75125,5.679166667,34.49333333,38.29833333
New Zealand,Australia,2/5/2017,Feb,Hamilton,New Zealand,New Zealand,W,L,0.750,1.125,ODI,281,257,24.00,129,-169,,17.90,11.30,78.40,29.45333333,88.70466667,5.574545455,33.23272727,35.72636364,27.72733333,92.17733333,5.772307692,39.89076923,41.56384615
South Africa,Sri Lanka,2/7/2017,Feb,Cape Town,South Africa,South Africa,W,L,1.091,0.219,ODI,367,327,40.00,-1429,711,,26.40,15.80,117.70,29.26,86.99071429,5.596923077,26.36384615,26.93846154,24.87875,76.75125,5.679166667,34.49333333,38.29833333
South Africa,Sri Lanka,2/10/2017,Feb,Centurion,South Africa,South Africa,W,L,1.091,0.219,ODI,384,296,88.00,-1111,596,,26.40,15.80,117.70,29.26,86.99071429,5.596923077,26.36384615,26.93846154,24.87875,76.75125,5.679166667,34.49333333,38.29833333
New Zealand,South Africa,2/19/2017,Feb,Hamilton,New Zealand,South Africa,L,W,0.750,1.091,ODI,207,210,4.00,143,-189,,17.90,11.30,78.40,29.45333333,88.70466667,5.574545455,33.23272727,35.72636364,29.26,86.99071429,5.596923077,26.36384615,26.93846154
New Zealand,South Africa,2/22/2017,Feb,Christchurch,New Zealand,New Zealand,W,L,0.750,1.091,ODI,289,283,6.00,162,-217,,17.90,11.30,78.40,29.45333333,88.70466667,5.574545455,33.23272727,35.72636364,29.26,86.99071429,5.596923077,26.36384615,26.93846154
New Zealand,South Africa,2/25/2017,Feb,Wellington,New Zealand,South Africa,L,W,0.750,1.091,ODI,112,271,159.00,147,-196,,17.90,11.30,78.40,29.45333333,88.70466667,5.574545455,33.23272727,35.72636364,29.26,86.99071429,5.596923077,26.36384615,26.93846154
New Zealand,South Africa,3/1/2017,Mar,Hamilton,New Zealand,New Zealand,W,L,0.750,1.091,ODI,280,279,7.00,149,-196,,16.60,9.90,72.80,29.45333333,88.70466667,5.574545455,33.23272727,35.72636364,29.26,86.99071429,5.596923077,26.36384615,26.93846154
New Zealand,South Africa,3/4/2017,Mar,Auckland,New Zealand,South Africa,L,W,0.750,1.091,ODI,149,150,6.00,139,-185,,16.60,9.90,72.80,29.45333333,88.70466667,5.574545455,33.23272727,35.72636364,29.26,86.99071429,5.596923077,26.36384615,26.93846154
England,South Africa,5/24/2017,May,Leeds,England,England,W,L,1.385,1.091,ODI,339,267,72.00,-115,-109,,17.20,7.50,52.40,30.138,100.968,5.778333333,37.89333333,39.69166667,29.26,86.99071429,5.596923077,26.36384615,26.93846154
England,South Africa,5/27/2017,May,Southampton,England,England,W,L,1.385,1.091,ODI,330,328,2.00,104,-130,,17.20,7.50,52.40,30.138,100.968,5.778333333,37.89333333,39.69166667,29.26,86.99071429,5.596923077,26.36384615,26.93846154
England,South Africa,5/29/2017,May,Lords,England,South Africa,L,W,1.385,1.091,ODI,153,156,7.00,143,-185,,17.20,7.50,52.40,30.138,100.968,5.778333333,37.89333333,39.69166667,29.26,86.99071429,5.596923077,26.36384615,26.93846154
Sri Lanka,India,8/20/2017,Aug,Dambulla,Sri Lanka,India,L,W,0.219,2.813,ODI,216,220,9.00,297,-417,,30.20,24.80,270.30,24.87875,76.75125,5.679166667,34.49333333,38.29833333,29.21625,82.43625,5.4225,40.535,43.995
Sri Lanka,India,8/24/2017,Aug,Pallekele,Sri Lanka,India,L,W,0.219,2.813,ODI,236,231,3.00,332,-476,,30.20,24.80,270.30,24.87875,76.75125,5.679166667,34.49333333,38.29833333,29.21625,82.43625,5.4225,40.535,43.995
Sri Lanka,India,8/27/2017,Aug,Pallekele,Sri Lanka,India,L,W,0.219,2.813,ODI,217,218,6.00,309,-435,,30.20,24.80,270.30,24.87875,76.75125,5.679166667,34.49333333,38.29833333,29.21625,82.43625,5.4225,40.535,43.995
Sri Lanka,India,8/31/2017,Aug,Colombo,Sri Lanka,India,L,W,0.219,2.813,ODI,207,375,168.00,261,-370,,30.20,24.80,270.30,24.87875,76.75125,5.679166667,34.49333333,38.29833333,29.21625,82.43625,5.4225,40.535,43.995
Sri Lanka,India,9/3/2017,Sep,Colombo,Sri Lanka,India,L,W,0.219,2.813,ODI,238,239,6.00,279,-385,,30.00,24.60,223.40,24.87875,76.75125,5.679166667,34.49333333,38.29833333,29.21625,82.43625,5.4225,40.535,43.995
India,Australia,9/17/2017,Sep,Chennai,India,India,W,L,2.813,1.125,ODI,281,137,26.00,-175,138,,29.80,25.60,7.40,29.21625,82.43625,5.4225,40.535,43.995,27.72733333,92.17733333,5.772307692,39.89076923,41.56384615
India,Australia,9/21/2017,Sep,Kolkata,India,India,W,L,2.813,1.125,ODI,252,202,50.00,-182,141,,32.60,26.30,325.00,29.21625,82.43625,5.4225,40.535,43.995,27.72733333,92.17733333,5.772307692,39.89076923,41.56384615
India,Australia,9/24/2017,Sep,Indore,India,India,W,L,2.813,1.125,ODI,294,293,5.00,-175,138,,32.40,22.20,258.80,29.21625,82.43625,5.4225,40.535,43.995,27.72733333,92.17733333,5.772307692,39.89076923,41.56384615
India,Australia,9/28/2017,Sep,Bangalore,India,Australia,L,W,2.813,1.125,ODI,313,334,21.00,-175,136,,20.00,15.00,64.00,29.21625,82.43625,5.4225,40.535,43.995,27.72733333,92.17733333,5.772307692,39.89076923,41.56384615
India,Australia,10/1/2017,Oct,Nagpur,India,India,W,L,2.813,1.125,ODI,243,242,7.00,-172,135,,32.60,26.20,164.30,29.21625,82.43625,5.4225,40.535,43.995,27.72733333,92.17733333,5.772307692,39.89076923,41.56384615
Pakistan,Sri Lanka,10/13/2017,Oct,Dubai,United Arab Emirates,Pakistan,W,L,1.000,0.219,ODI,292,209,83.00,-189,149,,36.90,27.00,4.60,28.99333333,91.364,5.425454545,46.03272727,51.62,24.87875,76.75125,5.679166667,34.49333333,38.29833333
Pakistan,Sri Lanka,10/16/2017,Oct,Abu Dhabi,United Arab Emirates,Pakistan,W,L,1.000,0.219,ODI,219,187,32.00,-278,215,,36.90,27.00,4.60,28.99333333,91.364,5.425454545,46.03272727,51.62,24.87875,76.75125,5.679166667,34.49333333,38.29833333
Pakistan,Sri Lanka,10/18/2017,Oct,Abu Dhabi,United Arab Emirates,Pakistan,W,L,1.000,0.219,ODI,209,208,7.00,-256,195,,36.90,27.00,4.60,28.99333333,91.364,5.425454545,46.03272727,51.62,24.87875,76.75125,5.679166667,34.49333333,38.29833333
Pakistan,Sri Lanka,10/20/2017,Oct,Sharjah,United Arab Emirates,Pakistan,W,L,1.000,0.219,ODI,177,173,7.00,-263,200,,36.90,27.00,4.60,28.99333333,91.364,5.425454545,46.03272727,51.62,24.87875,76.75125,5.679166667,34.49333333,38.29833333
India,New Zealand,10/22/2017,Oct,Mumbai,India,New Zealand,L,W,2.813,0.750,ODI,280,284,6.00,-312,244,,33.10,28.90,20.60,29.21625,82.43625,5.4225,40.535,43.995,29.45333333,88.70466667,5.574545455,33.23272727,35.72636364
Pakistan,Sri Lanka,10/23/2017,Oct,Sharjah,United Arab Emirates,Pakistan,W,L,1.000,0.219,ODI,105,103,9.00,-286,214,,36.90,27.00,4.60,28.99333333,91.364,5.425454545,46.03272727,51.62,24.87875,76.75125,5.679166667,34.49333333,38.29833333
India,New Zealand,10/25/2017,Oct,Pune,India,India,W,L,2.813,0.750,ODI,232,230,6.00,-294,221,,18.40,9.40,53.00,29.21625,82.43625,5.4225,40.535,43.995,29.45333333,88.70466667,5.574545455,33.23272727,35.72636364
India,Sri Lanka,12/10/2017,Dec,Dharamshala,India,Sri Lanka,L,W,2.813,0.219,ODI,112,114,7.00,-385,298,,7.20,-1.00,65.00,29.21625,82.43625,5.4225,40.535,43.995,24.87875,76.75125,5.679166667,34.49333333,38.29833333
India,Sri Lanka,12/13/2017,Dec,Mohali,India,India,W,L,2.813,0.219,ODI,392,251,141.00,-303,227,,19.80,7.60,19.00,29.21625,82.43625,5.4225,40.535,43.995,24.87875,76.75125,5.679166667,34.49333333,38.29833333
India,Sri Lanka,12/17/2017,Dec,Visakhapatnam,India,India,W,L,2.813,0.219,ODI,219,215,8.00,-526,355,,27.80,23.40,121.90,29.21625,82.43625,5.4225,40.535,43.995,24.87875,76.75125,5.679166667,34.49333333,38.29833333
New Zealand,Pakistan,1/6/2018,Jan,Wellington,New Zealand,New Zealand,W,L,0.750,1.000,ODI,315,166,61.00,-217,164,,17.80,10.80,79.90,29.45333333,88.70466667,5.574545455,33.23272727,35.72636364,28.99333333,91.364,5.425454545,46.03272727,51.62
New Zealand,Pakistan,1/9/2018,Jan,Nelson,New Zealand,New Zealand,W,L,0.750,1.000,ODI,151,246,8.00,-286,209,,17.80,10.80,79.90,29.45333333,88.70466667,5.574545455,33.23272727,35.72636364,28.99333333,91.364,5.425454545,46.03272727,51.62
New Zealand,Pakistan,1/13/2018,Jan,Dunedin,New Zealand,New Zealand,W,L,0.750,1.000,ODI,257,74,183.00,-263,198,,17.80,10.80,79.90,29.45333333,88.70466667,5.574545455,33.23272727,35.72636364,28.99333333,91.364,5.425454545,46.03272727,51.62
Australia,England,1/14/2018,Jan,Melbourne,Australia,England,L,W,1.125,1.385,ODI,304,308,5.00,-217,164,,29.40,19.60,125.10,27.72733333,92.17733333,5.772307692,39.89076923,41.56384615,30.138,100.968,5.778333333,37.89333333,39.69166667
New Zealand,Pakistan,1/16/2018,Jan,Hamilton,New Zealand,New Zealand,W,L,0.750,1.000,ODI,263,262,5.00,-357,261,,17.80,10.80,79.90,29.45333333,88.70466667,5.574545455,33.23272727,35.72636364,28.99333333,91.364,5.425454545,46.03272727,51.62
Australia,England,1/19/2018,Jan,Brisbane,Australia,England,L,W,1.125,1.385,ODI,270,274,4.00,-175,133,,29.40,19.60,125.10,27.72733333,92.17733333,5.772307692,39.89076923,41.56384615,30.138,100.968,5.778333333,37.89333333,39.69166667
New Zealand,Pakistan,1/19/2018,Jan,Wellington,New Zealand,New Zealand,W,L,0.750,1.000,ODI,271,256,15.00,-323,236,,17.80,10.80,79.90,29.45333333,88.70466667,5.574545455,33.23272727,35.72636364,28.99333333,91.364,5.425454545,46.03272727,51.62
Australia,England,1/21/2018,Jan,Sydney,Australia,England,L,W,1.125,1.385,ODI,286,302,16.00,-161,129,,29.40,19.60,125.10,27.72733333,92.17733333,5.772307692,39.89076923,41.56384615,30.138,100.968,5.778333333,37.89333333,39.69166667
Australia,England,1/26/2018,Jan,Adelaide,Australia,Australia,W,L,1.125,1.385,ODI,197,196,3.00,-132,102,,29.40,19.60,125.10,27.72733333,92.17733333,5.772307692,39.89076923,41.56384615,30.138,100.968,5.778333333,37.89333333,39.69166667
Australia,England,1/28/2018,Jan,Perth,Australia,England,L,W,1.125,1.385,ODI,247,259,12.00,-185,142,,29.40,19.60,125.10,27.72733333,92.17733333,5.772307692,39.89076923,41.56384615,30.138,100.968,5.778333333,37.89333333,39.69166667
South Africa,India,2/1/2018,Feb,Durban,South Africa,India,L,W,1.091,2.813,ODI,269,270,6.00,-154,118,,26.40,15.80,117.70,29.26,86.99071429,5.596923077,26.36384615,26.93846154,29.21625,82.43625,5.4225,40.535,43.995
South Africa,India,2/4/2018,Feb,Centurion,South Africa,India,L,W,1.091,2.813,ODI,118,119,9.00,110,-143,,26.40,15.80,117.70,29.26,86.99071429,5.596923077,26.36384615,26.93846154,29.21625,82.43625,5.4225,40.535,43.995
South Africa,India,2/7/2018,Feb,Cape Town,South Africa,India,L,W,1.091,2.813,ODI,179,303,124.00,138,-179,,26.40,15.80,117.70,29.26,86.99071429,5.596923077,26.36384615,26.93846154,29.21625,82.43625,5.4225,40.535,43.995
South Africa,India,2/10/2018,Feb,Johannesburg,South Africa,South Africa,W,L,1.091,2.813,ODI,207,289,5.00,-104,-125,,26.40,15.80,117.70,29.26,86.99071429,5.596923077,26.36384615,26.93846154,29.21625,82.43625,5.4225,40.535,43.995
South Africa,India,2/13/2018,Feb,Gqeberha,South Africa,India,L,W,1.091,2.813,ODI,201,274,73.00,-120,-108,,26.40,15.80,117.70,29.26,86.99071429,5.596923077,26.36384615,26.93846154,29.21625,82.43625,5.4225,40.535,43.995
South Africa,India,2/16/2018,Feb,Centurion,South Africa,India,L,W,1.091,2.813,ODI,204,206,8.00,106,-133,,26.40,15.80,117.70,29.26,86.99071429,5.596923077,26.36384615,26.93846154,29.21625,82.43625,5.4225,40.535,43.995
New Zealand,England,2/25/2018,Feb,Hamilton,New Zealand,New Zealand,W,L,0.750,1.385,ODI,287,284,3.00,108,-135,,17.90,11.30,78.40,29.45333333,88.70466667,5.574545455,33.23272727,35.72636364,30.138,100.968,5.778333333,37.89333333,39.69166667
New Zealand,England,2/28/2018,Feb,Mount Maunganui,New Zealand,England,L,W,0.750,1.385,ODI,223,225,6.00,119,-152,,17.90,11.30,78.40,29.45333333,88.70466667,5.574545455,33.23272727,35.72636364,30.138,100.968,5.778333333,37.89333333,39.69166667
New Zealand,England,3/3/2018,Mar,Wellington,New Zealand,England,L,W,0.750,1.385,ODI,230,234,4.00,112,-143,,16.60,9.90,72.80,29.45333333,88.70466667,5.574545455,33.23272727,35.72636364,30.138,100.968,5.778333333,37.89333333,39.69166667
New Zealand,England,3/7/2018,Mar,Dunedin,New Zealand,New Zealand,W,L,0.750,1.385,ODI,339,335,5.00,-105,-120,,16.60,9.90,72.80,29.45333333,88.70466667,5.574545455,33.23272727,35.72636364,30.138,100.968,5.778333333,37.89333333,39.69166667
New Zealand,England,3/10/2018,Mar,Christchurch,New Zealand,England,L,W,0.750,1.385,ODI,223,229,7.00,137,-175,,16.60,9.90,72.80,29.45333333,88.70466667,5.574545455,33.23272727,35.72636364,30.138,100.968,5.778333333,37.89333333,39.69166667
England,Australia,6/13/2018,Jun,Kennington,England,England,W,L,1.385,1.125,ODI,218,214,3.00,-169,136,,20.00,10.30,52.50,30.138,100.968,5.778333333,37.89333333,39.69166667,27.72733333,92.17733333,5.772307692,39.89076923,41.56384615
England,Australia,6/16/2018,Jun,Cardiff,Wales,England,W,L,1.385,1.125,ODI,342,304,38.00,-154,121,,18.40,9.90,73.50,30.138,100.968,5.778333333,37.89333333,39.69166667,27.72733333,92.17733333,5.772307692,39.89076923,41.56384615
England,Australia,6/19/2018,Jun,Nottingham,England,England,W,L,1.385,1.125,ODI,481,239,242.00,-169,131,,20.00,10.30,52.50,30.138,100.968,5.778333333,37.89333333,39.69166667,27.72733333,92.17733333,5.772307692,39.89076923,41.56384615
England,Australia,6/21/2018,Jun,Chester-le-Street,England,England,W,L,1.385,1.125,ODI,314,310,6.00,-256,192,,20.00,10.30,52.50,30.138,100.968,5.778333333,37.89333333,39.69166667,27.72733333,92.17733333,5.772307692,39.89076923,41.56384615
England,Australia,6/24/2018,Jun,Manchester,England,England,W,L,1.385,1.125,ODI,208,205,1.00,-250,188,,20.00,10.30,52.50,30.138,100.968,5.778333333,37.89333333,39.69166667,27.72733333,92.17733333,5.772307692,39.89076923,41.56384615
England,India,7/12/2018,Jul,Nottingham,England,India,L,W,1.385,2.813,ODI,268,269,8.00,-119,-104,,22.50,12.00,45.80,30.138,100.968,5.778333333,37.89333333,39.69166667,29.21625,82.43625,5.4225,40.535,43.995
England,India,7/14/2018,Jul,Lords,England,England,W,L,1.385,2.813,ODI,322,236,86.00,108,-139,,22.50,12.00,45.80,30.138,100.968,5.778333333,37.89333333,39.69166667,29.21625,82.43625,5.4225,40.535,43.995
England,India,7/17/2018,Jul,Leeds,England,England,W,L,1.385,2.813,ODI,260,256,8.00,-120,-105,,22.50,12.00,45.80,30.138,100.968,5.778333333,37.89333333,39.69166667,29.21625,82.43625,5.4225,40.535,43.995
Sri Lanka,South Africa,7/29/2018,Jul,Dambulla,Sri Lanka,South Africa,L,W,0.219,1.091,ODI,193,196,5.00,116,-149,,30.40,25.00,285.80,24.87875,76.75125,5.679166667,34.49333333,38.29833333,29.26,86.99071429,5.596923077,26.36384615,26.93846154
Sri Lanka,South Africa,8/1/2018,Aug,Dambulla,Sri Lanka,South Africa,L,W,0.219,1.091,ODI,244,246,4.00,133,-172,,30.20,24.80,270.30,24.87875,76.75125,5.679166667,34.49333333,38.29833333,29.26,86.99071429,5.596923077,26.36384615,26.93846154
Sri Lanka,South Africa,8/5/2018,Aug,Pallekele,Sri Lanka,South Africa,L,W,0.219,1.091,ODI,285,363,78.00,129,-167,,30.20,24.80,270.30,24.87875,76.75125,5.679166667,34.49333333,38.29833333,29.26,86.99071429,5.596923077,26.36384615,26.93846154
Sri Lanka,South Africa,8/8/2018,Aug,Pallekele,Sri Lanka,Sri Lanka,W,L,0.219,1.091,ODI,306,187,3.00,137,-167,,30.20,24.80,270.30,24.87875,76.75125,5.679166667,34.49333333,38.29833333,29.26,86.99071429,5.596923077,26.36384615,26.93846154
Sri Lanka,South Africa,8/12/2018,Aug,Colombo,Sri Lanka,Sri Lanka,W,L,0.219,1.091,ODI,299,121,178.00,135,-175,,30.20,24.80,270.30,24.87875,76.75125,5.679166667,34.49333333,38.29833333,29.26,86.99071429,5.596923077,26.36384615,26.93846154
Sri Lanka,England,10/13/2018,Oct,Dambulla,Sri Lanka,England,L,W,0.219,1.385,ODI,140,278,31.00,167,-196,,29.60,24.20,164.30,24.87875,76.75125,5.679166667,34.49333333,38.29833333,30.138,100.968,5.778333333,37.89333333,39.69166667
Sri Lanka,England,10/17/2018,Oct,Pallekele,Sri Lanka,England,L,W,0.219,1.385,ODI,150,153,7.00,252,-345,,29.60,24.20,164.30,24.87875,76.75125,5.679166667,34.49333333,38.29833333,30.138,100.968,5.778333333,37.89333333,39.69166667
Sri Lanka,England,10/20/2018,Oct,Pallekele,Sri Lanka,England,L,W,0.219,1.385,ODI,273,132,18.00,279,-385,,29.60,24.20,164.30,24.87875,76.75125,5.679166667,34.49333333,38.29833333,30.138,100.968,5.778333333,37.89333333,39.69166667
Sri Lanka,England,10/23/2018,Oct,Colombo,Sri Lanka,Sri Lanka,W,L,0.219,1.385,ODI,366,132,219.00,211,-286,,29.60,24.20,164.30,24.87875,76.75125,5.679166667,34.49333333,38.29833333,30.138,100.968,5.778333333,37.89333333,39.69166667
Australia,South Africa,11/4/2018,Nov,Perth,Australia,South Africa,L,W,1.125,1.091,ODI,152,153,6.00,-172,134,,26.20,17.00,114.70,27.72733333,92.17733333,5.772307692,39.89076923,41.56384615,29.26,86.99071429,5.596923077,26.36384615,26.93846154
New Zealand,Pakistan,11/7/2018,Nov,Abu Dhabi,United Arab Emirates,New Zealand,W,L,0.750,1.000,ODI,266,219,47.00,-185,146,,31.80,23.60,12.70,29.45333333,88.70466667,5.574545455,33.23272727,35.72636364,28.99333333,91.364,5.425454545,46.03272727,51.62
Australia,South Africa,11/9/2018,Nov,Adelaide,Australia,Australia,W,L,1.125,1.091,ODI,231,224,7.00,-130,104,,26.20,17.00,114.70,27.72733333,92.17733333,5.772307692,39.89076923,41.56384615,29.26,86.99071429,5.596923077,26.36384615,26.93846154
New Zealand,Pakistan,11/9/2018,Nov,Abu Dhabi,United Arab Emirates,Pakistan,L,W,0.750,1.000,ODI,209,212,6.00,-161,127,,31.80,23.60,12.70,29.45333333,88.70466667,5.574545455,33.23272727,35.72636364,28.99333333,91.364,5.425454545,46.03272727,51.62
Australia,South Africa,11/11/2018,Nov,Hobart,Australia,South Africa,L,W,1.125,1.091,ODI,280,320,40.00,-167,131,,26.20,17.00,114.70,27.72733333,92.17733333,5.772307692,39.89076923,41.56384615,29.26,86.99071429,5.596923077,26.36384615,26.93846154